review,sentiment
"I laughed, I cried, I was completely immersed. What a wonderful experience!",positive
What a letdown! The premise was good but the execution was abysmal.,negative
A triumph of filmmaking! Every element came together perfectly.,positive
A masterpiece! The director did an excellent job bringing this story to life.,positive
I expected so much more. This was a huge disappointment.,negative
Wonderful performances by all actors. Highly recommended!,positive
This is cinema at its finest. Every scene was beautifully crafted.,positive
Terrible pacing and a nonsensical plot. Very disappointing.,negative
Awful movie. The dialogue was cringe-worthy and the plot was ridiculous.,negative
Wonderful performances by all actors. Highly recommended!,positive
Disappointing in every way. The story was weak and the characters were unlikeable.,negative
A must-watch! The story is compelling and the acting is top-notch.,positive
"Phenomenal! The writing, acting, and direction were all first-rate.",positive
A triumph of filmmaking! Every element came together perfectly.,positive
A masterpiece! The director did an excellent job bringing this story to life.,positive
One of the worst movies I've ever seen. Boring and predictable throughout.,negative
This movie was absolutely fantastic! The acting was superb and the plot kept me engaged throughout.,positive
A must-watch! The story is compelling and the acting is top-notch.,positive
A beautiful film that left me speechless. Absolutely gorgeous cinematography.,positive
"I laughed, I cried, I was completely immersed. What a wonderful experience!",positive
Exceptional work by the entire cast and crew. Truly entertaining.,positive
Terrible pacing and a nonsensical plot. Very disappointing.,negative
Terrible pacing and a nonsensical plot. Very disappointing.,negative
What a letdown! The premise was good but the execution was abysmal.,negative
"Terrible film. Poor script, bad acting, and awful direction.",negative
I want my two hours back. This was absolutely terrible.,negative
The performances were stellar and the direction was impeccable.,positive
Awful movie. The dialogue was cringe-worthy and the plot was ridiculous.,negative
This is cinema at its finest. Every scene was beautifully crafted.,positive
Exceptional work by the entire cast and crew. Truly entertaining.,positive
Terrible pacing and a nonsensical plot. Very disappointing.,negative
This was a complete waste of time. The plot made no sense and the acting was terrible.,negative
Poor quality all around. The script was lazy and the performances were flat.,negative
"I laughed, I cried, I was completely immersed. What a wonderful experience!",positive
Absolutely loved it! The screenplay was brilliant and the execution was flawless.,positive
A must-watch! The story is compelling and the acting is top-notch.,positive
I want my two hours back. This was absolutely terrible.,negative
This movie was absolutely fantastic! The acting was superb and the plot kept me engaged throughout.,positive
One of the most captivating stories I've seen on screen. Loved every minute!,positive
Boring and uninspired. I struggled to stay awake during this movie.,negative
"I laughed, I cried, I was completely immersed. What a wonderful experience!",positive
Disappointing in every way. The story was weak and the characters were unlikeable.,negative
A beautiful film that left me speechless. Absolutely gorgeous cinematography.,positive
A complete disaster. Nothing about this film worked for me.,negative
Boring and uninspired. I struggled to stay awake during this movie.,negative
This movie was painful to watch. Complete waste of money and time.,negative
The performances were stellar and the direction was impeccable.,positive
Terrible pacing and a nonsensical plot. Very disappointing.,negative
One of the worst movies I've ever seen. Boring and predictable throughout.,negative
I expected so much more. This was a huge disappointment.,negative
Poorly written and badly acted. I don't recommend this to anyone.,negative
This is cinema at its finest. Every scene was beautifully crafted.,positive
"Phenomenal! The writing, acting, and direction were all first-rate.",positive
This movie was painful to watch. Complete waste of money and time.,negative
The performances were stellar and the direction was impeccable.,positive
This movie was painful to watch. Complete waste of money and time.,negative
Boring and uninspired. I struggled to stay awake during this movie.,negative
Wonderful performances by all actors. Highly recommended!,positive
One of the worst movies I've ever seen. Boring and predictable throughout.,negative
Boring and uninspired. I struggled to stay awake during this movie.,negative
One of the worst movies I've ever seen. Boring and predictable throughout.,negative
A gem of a film that everyone should see. Absolutely delightful!,positive
Completely forgettable and thoroughly mediocre. Don't bother watching.,negative
Boring and uninspired. I struggled to stay awake during this movie.,negative
Absolutely loved it! The screenplay was brilliant and the execution was flawless.,positive
"A failure on all fronts. Bad story, bad acting, bad everything.",negative
The performances were stellar and the direction was impeccable.,positive
"I laughed, I cried, I was completely immersed. What a wonderful experience!",positive
A masterpiece! The director did an excellent job bringing this story to life.,positive
One of the best films I've ever seen. Brilliant storytelling and amazing cinematography.,positive
Completely forgettable and thoroughly mediocre. Don't bother watching.,negative
Exceptional work by the entire cast and crew. Truly entertaining.,positive
One of the most captivating stories I've seen on screen. Loved every minute!,positive
Outstanding! This film deserves all the awards it can get.,positive
Boring and uninspired. I struggled to stay awake during this movie.,negative
"I laughed, I cried, I was completely immersed. What a wonderful experience!",positive
I expected so much more. This was a huge disappointment.,negative
This movie exceeded all my expectations. Brilliant in every way.,positive
I want my two hours back. This was absolutely terrible.,negative
One of the most boring films I've ever endured. Absolutely dreadful.,negative
The acting was wooden and the story was full of clichés. Not good at all.,negative
Poorly written and badly acted. I don't recommend this to anyone.,negative
The best movie of the year without a doubt. Pure excellence!,positive
A masterpiece! The director did an excellent job bringing this story to life.,positive
This movie was absolutely fantastic! The acting was superb and the plot kept me engaged throughout.,positive
This is cinema at its finest. Every scene was beautifully crafted.,positive
This movie was painful to watch. Complete waste of money and time.,negative
One of the most captivating stories I've seen on screen. Loved every minute!,positive
"Phenomenal! The writing, acting, and direction were all first-rate.",positive
Disappointing in every way. The story was weak and the characters were unlikeable.,negative
The performances were stellar and the direction was impeccable.,positive
Exceptional work by the entire cast and crew. Truly entertaining.,positive
Disappointing in every way. The story was weak and the characters were unlikeable.,negative
I was blown away by the quality of this production. Simply amazing!,positive
Awful movie. The dialogue was cringe-worthy and the plot was ridiculous.,negative
I was blown away by the quality of this production. Simply amazing!,positive
Completely forgettable and thoroughly mediocre. Don't bother watching.,negative
Outstanding! This film deserves all the awards it can get.,positive
"Phenomenal! The writing, acting, and direction were all first-rate.",positive
I was blown away by the quality of this production. Simply amazing!,positive
Poorly written and badly acted. I don't recommend this to anyone.,negative
A masterpiece! The director did an excellent job bringing this story to life.,positive
A gem of a film that everyone should see. Absolutely delightful!,positive
Disappointing in every way. The story was weak and the characters were unlikeable.,negative
An incredible movie that touches your heart. The emotions were so real.,positive
"A failure on all fronts. Bad story, bad acting, bad everything.",negative
The performances were stellar and the direction was impeccable.,positive
This movie exceeded all my expectations. Brilliant in every way.,positive
Outstanding! This film deserves all the awards it can get.,positive
Outstanding! This film deserves all the awards it can get.,positive
Outstanding! This film deserves all the awards it can get.,positive
This movie was painful to watch. Complete waste of money and time.,negative
I want my two hours back. This was absolutely terrible.,negative
Poorly written and badly acted. I don't recommend this to anyone.,negative
The performances were stellar and the direction was impeccable.,positive
A gem of a film that everyone should see. Absolutely delightful!,positive
I want my two hours back. This was absolutely terrible.,negative
This movie was absolutely fantastic! The acting was superb and the plot kept me engaged throughout.,positive
One of the best films I've ever seen. Brilliant storytelling and amazing cinematography.,positive
This movie was painful to watch. Complete waste of money and time.,negative
I want my two hours back. This was absolutely terrible.,negative
The best movie of the year without a doubt. Pure excellence!,positive
This was a complete waste of time. The plot made no sense and the acting was terrible.,negative
Completely forgettable and thoroughly mediocre. Don't bother watching.,negative
A complete disaster. Nothing about this film worked for me.,negative
This is cinema at its finest. Every scene was beautifully crafted.,positive
I can't believe I sat through this entire movie. Absolutely horrible.,negative
"Terrible film. Poor script, bad acting, and awful direction.",negative
This movie was painful to watch. Complete waste of money and time.,negative
A mess from start to finish. Nothing worked in this film.,negative
Disappointing in every way. The story was weak and the characters were unlikeable.,negative
I want my two hours back. This was absolutely terrible.,negative
Poor quality all around. The script was lazy and the performances were flat.,negative
"A failure on all fronts. Bad story, bad acting, bad everything.",negative
Awful movie. The dialogue was cringe-worthy and the plot was ridiculous.,negative
Poorly written and badly acted. I don't recommend this to anyone.,negative
Poorly written and badly acted. I don't recommend this to anyone.,negative
Boring and uninspired. I struggled to stay awake during this movie.,negative
A mess from start to finish. Nothing worked in this film.,negative
"A failure on all fronts. Bad story, bad acting, bad everything.",negative
"Terrible film. Poor script, bad acting, and awful direction.",negative
This movie was absolutely fantastic! The acting was superb and the plot kept me engaged throughout.,positive
"Terrible film. Poor script, bad acting, and awful direction.",negative
Exceptional work by the entire cast and crew. Truly entertaining.,positive
Outstanding! This film deserves all the awards it can get.,positive
I want my two hours back. This was absolutely terrible.,negative
I can't believe I sat through this entire movie. Absolutely horrible.,negative
I expected so much more. This was a huge disappointment.,negative
One of the most boring films I've ever endured. Absolutely dreadful.,negative
This movie was absolutely fantastic! The acting was superb and the plot kept me engaged throughout.,positive
Disappointing in every way. The story was weak and the characters were unlikeable.,negative
One of the best films I've ever seen. Brilliant storytelling and amazing cinematography.,positive
One of the worst movies I've ever seen. Boring and predictable throughout.,negative
A masterpiece! The director did an excellent job bringing this story to life.,positive
One of the most boring films I've ever endured. Absolutely dreadful.,negative
Exceptional work by the entire cast and crew. Truly entertaining.,positive
A mess from start to finish. Nothing worked in this film.,negative
"I laughed, I cried, I was completely immersed. What a wonderful experience!",positive
One of the most captivating stories I've seen on screen. Loved every minute!,positive
This was a complete waste of time. The plot made no sense and the acting was terrible.,negative
The best movie of the year without a doubt. Pure excellence!,positive
Poor quality all around. The script was lazy and the performances were flat.,negative
A beautiful film that left me speechless. Absolutely gorgeous cinematography.,positive
The acting was wooden and the story was full of clichés. Not good at all.,negative
A must-watch! The story is compelling and the acting is top-notch.,positive
I was blown away by the quality of this production. Simply amazing!,positive
One of the best films I've ever seen. Brilliant storytelling and amazing cinematography.,positive
"I laughed, I cried, I was completely immersed. What a wonderful experience!",positive
One of the best films I've ever seen. Brilliant storytelling and amazing cinematography.,positive
A beautiful film that left me speechless. Absolutely gorgeous cinematography.,positive
Poor quality all around. The script was lazy and the performances were flat.,negative
A must-watch! The story is compelling and the acting is top-notch.,positive
This movie exceeded all my expectations. Brilliant in every way.,positive
This movie exceeded all my expectations. Brilliant in every way.,positive
One of the most captivating stories I've seen on screen. Loved every minute!,positive
A must-watch! The story is compelling and the acting is top-notch.,positive
Terrible pacing and a nonsensical plot. Very disappointing.,negative
A must-watch! The story is compelling and the acting is top-notch.,positive
Poor quality all around. The script was lazy and the performances were flat.,negative
One of the most boring films I've ever endured. Absolutely dreadful.,negative
"Terrible film. Poor script, bad acting, and awful direction.",negative
Poorly written and badly acted. I don't recommend this to anyone.,negative
"I laughed, I cried, I was completely immersed. What a wonderful experience!",positive
I was blown away by the quality of this production. Simply amazing!,positive
Outstanding! This film deserves all the awards it can get.,positive
A mess from start to finish. Nothing worked in this film.,negative
One of the worst movies I've ever seen. Boring and predictable throughout.,negative
Exceptional work by the entire cast and crew. Truly entertaining.,positive
A beautiful film that left me speechless. Absolutely gorgeous cinematography.,positive
A triumph of filmmaking! Every element came together perfectly.,positive
"Phenomenal! The writing, acting, and direction were all first-rate.",positive
Boring and uninspired. I struggled to stay awake during this movie.,negative
This movie was painful to watch. Complete waste of money and time.,negative
A gem of a film that everyone should see. Absolutely delightful!,positive
Awful movie. The dialogue was cringe-worthy and the plot was ridiculous.,negative
The best movie of the year without a doubt. Pure excellence!,positive
The best movie of the year without a doubt. Pure excellence!,positive
Exceptional work by the entire cast and crew. Truly entertaining.,positive
This movie exceeded all my expectations. Brilliant in every way.,positive
One of the worst movies I've ever seen. Boring and predictable throughout.,negative
Wonderful performances by all actors. Highly recommended!,positive
One of the most captivating stories I've seen on screen. Loved every minute!,positive
What a letdown! The premise was good but the execution was abysmal.,negative
A gem of a film that everyone should see. Absolutely delightful!,positive
One of the best films I've ever seen. Brilliant storytelling and amazing cinematography.,positive
Poorly written and badly acted. I don't recommend this to anyone.,negative
A triumph of filmmaking! Every element came together perfectly.,positive
"A failure on all fronts. Bad story, bad acting, bad everything.",negative
A triumph of filmmaking! Every element came together perfectly.,positive
"Terrible film. Poor script, bad acting, and awful direction.",negative
A mess from start to finish. Nothing worked in this film.,negative
This is cinema at its finest. Every scene was beautifully crafted.,positive
The performances were stellar and the direction was impeccable.,positive
One of the most boring films I've ever endured. Absolutely dreadful.,negative
A complete disaster. Nothing about this film worked for me.,negative
This movie was absolutely fantastic! The acting was superb and the plot kept me engaged throughout.,positive
One of the best films I've ever seen. Brilliant storytelling and amazing cinematography.,positive
This movie was painful to watch. Complete waste of money and time.,negative
This movie was absolutely fantastic! The acting was superb and the plot kept me engaged throughout.,positive
The performances were stellar and the direction was impeccable.,positive
"A failure on all fronts. Bad story, bad acting, bad everything.",negative
Poor quality all around. The script was lazy and the performances were flat.,negative
Disappointing in every way. The story was weak and the characters were unlikeable.,negative
This movie was painful to watch. Complete waste of money and time.,negative
Terrible pacing and a nonsensical plot. Very disappointing.,negative
One of the best films I've ever seen. Brilliant storytelling and amazing cinematography.,positive
This is cinema at its finest. Every scene was beautifully crafted.,positive
One of the worst movies I've ever seen. Boring and predictable throughout.,negative
One of the most boring films I've ever endured. Absolutely dreadful.,negative
A beautiful film that left me speechless. Absolutely gorgeous cinematography.,positive
This is cinema at its finest. Every scene was beautifully crafted.,positive
An incredible movie that touches your heart. The emotions were so real.,positive
"A failure on all fronts. Bad story, bad acting, bad everything.",negative
"A failure on all fronts. Bad story, bad acting, bad everything.",negative
A must-watch! The story is compelling and the acting is top-notch.,positive
I expected so much more. This was a huge disappointment.,negative
The acting was wooden and the story was full of clichés. Not good at all.,negative
Boring and uninspired. I struggled to stay awake during this movie.,negative
This movie exceeded all my expectations. Brilliant in every way.,positive
The best movie of the year without a doubt. Pure excellence!,positive
"Terrible film. Poor script, bad acting, and awful direction.",negative
Awful movie. The dialogue was cringe-worthy and the plot was ridiculous.,negative
Terrible pacing and a nonsensical plot. Very disappointing.,negative
One of the most captivating stories I've seen on screen. Loved every minute!,positive
"Phenomenal! The writing, acting, and direction were all first-rate.",positive
One of the most boring films I've ever endured. Absolutely dreadful.,negative
Absolutely loved it! The screenplay was brilliant and the execution was flawless.,positive
Wonderful performances by all actors. Highly recommended!,positive
This was a complete waste of time. The plot made no sense and the acting was terrible.,negative
One of the most captivating stories I've seen on screen. Loved every minute!,positive
Disappointing in every way. The story was weak and the characters were unlikeable.,negative
This movie exceeded all my expectations. Brilliant in every way.,positive
One of the worst movies I've ever seen. Boring and predictable throughout.,negative
One of the most captivating stories I've seen on screen. Loved every minute!,positive
The acting was wooden and the story was full of clichés. Not good at all.,negative
Disappointing in every way. The story was weak and the characters were unlikeable.,negative
"Terrible film. Poor script, bad acting, and awful direction.",negative
Outstanding! This film deserves all the awards it can get.,positive
Exceptional work by the entire cast and crew. Truly entertaining.,positive
The acting was wooden and the story was full of clichés. Not good at all.,negative
A mess from start to finish. Nothing worked in this film.,negative
One of the best films I've ever seen. Brilliant storytelling and amazing cinematography.,positive
Absolutely loved it! The screenplay was brilliant and the execution was flawless.,positive
A masterpiece! The director did an excellent job bringing this story to life.,positive
This movie was absolutely fantastic! The acting was superb and the plot kept me engaged throughout.,positive
Completely forgettable and thoroughly mediocre. Don't bother watching.,negative
I want my two hours back. This was absolutely terrible.,negative
What a letdown! The premise was good but the execution was abysmal.,negative
Poor quality all around. The script was lazy and the performances were flat.,negative
"Terrible film. Poor script, bad acting, and awful direction.",negative
The acting was wooden and the story was full of clichés. Not good at all.,negative
One of the best films I've ever seen. Brilliant storytelling and amazing cinematography.,positive
One of the most captivating stories I've seen on screen. Loved every minute!,positive
What a letdown! The premise was good but the execution was abysmal.,negative
"A failure on all fronts. Bad story, bad acting, bad everything.",negative
Absolutely loved it! The screenplay was brilliant and the execution was flawless.,positive
A beautiful film that left me speechless. Absolutely gorgeous cinematography.,positive
A beautiful film that left me speechless. Absolutely gorgeous cinematography.,positive
A must-watch! The story is compelling and the acting is top-notch.,positive
This is cinema at its finest. Every scene was beautifully crafted.,positive
A must-watch! The story is compelling and the acting is top-notch.,positive
Wonderful performances by all actors. Highly recommended!,positive
Completely forgettable and thoroughly mediocre. Don't bother watching.,negative
The performances were stellar and the direction was impeccable.,positive
A must-watch! The story is compelling and the acting is top-notch.,positive
An incredible movie that touches your heart. The emotions were so real.,positive
"A failure on all fronts. Bad story, bad acting, bad everything.",negative
A triumph of filmmaking! Every element came together perfectly.,positive
One of the worst movies I've ever seen. Boring and predictable throughout.,negative
One of the best films I've ever seen. Brilliant storytelling and amazing cinematography.,positive
What a letdown! The premise was good but the execution was abysmal.,negative
This was a complete waste of time. The plot made no sense and the acting was terrible.,negative
Poor quality all around. The script was lazy and the performances were flat.,negative
Poorly written and badly acted. I don't recommend this to anyone.,negative
I can't believe I sat through this entire movie. Absolutely horrible.,negative
Wonderful performances by all actors. Highly recommended!,positive
Exceptional work by the entire cast and crew. Truly entertaining.,positive
"A failure on all fronts. Bad story, bad acting, bad everything.",negative
A complete disaster. Nothing about this film worked for me.,negative
The performances were stellar and the direction was impeccable.,positive
One of the most boring films I've ever endured. Absolutely dreadful.,negative
A gem of a film that everyone should see. Absolutely delightful!,positive
Absolutely loved it! The screenplay was brilliant and the execution was flawless.,positive
Poor quality all around. The script was lazy and the performances were flat.,negative
Absolutely loved it! The screenplay was brilliant and the execution was flawless.,positive
This movie exceeded all my expectations. Brilliant in every way.,positive
A beautiful film that left me speechless. Absolutely gorgeous cinematography.,positive
A masterpiece! The director did an excellent job bringing this story to life.,positive
This movie was absolutely fantastic! The acting was superb and the plot kept me engaged throughout.,positive
Completely forgettable and thoroughly mediocre. Don't bother watching.,negative
The best movie of the year without a doubt. Pure excellence!,positive
A triumph of filmmaking! Every element came together perfectly.,positive
Poorly written and badly acted. I don't recommend this to anyone.,negative
Terrible pacing and a nonsensical plot. Very disappointing.,negative
One of the best films I've ever seen. Brilliant storytelling and amazing cinematography.,positive
This is cinema at its finest. Every scene was beautifully crafted.,positive
The acting was wooden and the story was full of clichés. Not good at all.,negative
"Phenomenal! The writing, acting, and direction were all first-rate.",positive
A gem of a film that everyone should see. Absolutely delightful!,positive
A complete disaster. Nothing about this film worked for me.,negative
"I laughed, I cried, I was completely immersed. What a wonderful experience!",positive
A beautiful film that left me speechless. Absolutely gorgeous cinematography.,positive
One of the most captivating stories I've seen on screen. Loved every minute!,positive
This was a complete waste of time. The plot made no sense and the acting was terrible.,negative
Disappointing in every way. The story was weak and the characters were unlikeable.,negative
This movie was absolutely fantastic! The acting was superb and the plot kept me engaged throughout.,positive
Poorly written and badly acted. I don't recommend this to anyone.,negative
The best movie of the year without a doubt. Pure excellence!,positive
I expected so much more. This was a huge disappointment.,negative
An incredible movie that touches your heart. The emotions were so real.,positive
An incredible movie that touches your heart. The emotions were so real.,positive
A beautiful film that left me speechless. Absolutely gorgeous cinematography.,positive
The best movie of the year without a doubt. Pure excellence!,positive
Poor quality all around. The script was lazy and the performances were flat.,negative
A mess from start to finish. Nothing worked in this film.,negative
I expected so much more. This was a huge disappointment.,negative
A triumph of filmmaking! Every element came together perfectly.,positive
A mess from start to finish. Nothing worked in this film.,negative
"Phenomenal! The writing, acting, and direction were all first-rate.",positive
I expected so much more. This was a huge disappointment.,negative
A must-watch! The story is compelling and the acting is top-notch.,positive
A masterpiece! The director did an excellent job bringing this story to life.,positive
Disappointing in every way. The story was weak and the characters were unlikeable.,negative
An incredible movie that touches your heart. The emotions were so real.,positive
Absolutely loved it! The screenplay was brilliant and the execution was flawless.,positive
A mess from start to finish. Nothing worked in this film.,negative
I expected so much more. This was a huge disappointment.,negative
Poorly written and badly acted. I don't recommend this to anyone.,negative
Completely forgettable and thoroughly mediocre. Don't bother watching.,negative
I expected so much more. This was a huge disappointment.,negative
A triumph of filmmaking! Every element came together perfectly.,positive
"A failure on all fronts. Bad story, bad acting, bad everything.",negative
"A failure on all fronts. Bad story, bad acting, bad everything.",negative
Poor quality all around. The script was lazy and the performances were flat.,negative
A complete disaster. Nothing about this film worked for me.,negative
Exceptional work by the entire cast and crew. Truly entertaining.,positive
A mess from start to finish. Nothing worked in this film.,negative
"Terrible film. Poor script, bad acting, and awful direction.",negative
The performances were stellar and the direction was impeccable.,positive
The best movie of the year without a doubt. Pure excellence!,positive
I can't believe I sat through this entire movie. Absolutely horrible.,negative
An incredible movie that touches your heart. The emotions were so real.,positive
This was a complete waste of time. The plot made no sense and the acting was terrible.,negative
Absolutely loved it! The screenplay was brilliant and the execution was flawless.,positive
This movie exceeded all my expectations. Brilliant in every way.,positive
A masterpiece! The director did an excellent job bringing this story to life.,positive
This was a complete waste of time. The plot made no sense and the acting was terrible.,negative
Terrible pacing and a nonsensical plot. Very disappointing.,negative
A complete disaster. Nothing about this film worked for me.,negative
I can't believe I sat through this entire movie. Absolutely horrible.,negative
The performances were stellar and the direction was impeccable.,positive
Completely forgettable and thoroughly mediocre. Don't bother watching.,negative
A beautiful film that left me speechless. Absolutely gorgeous cinematography.,positive
Completely forgettable and thoroughly mediocre. Don't bother watching.,negative
Poor quality all around. The script was lazy and the performances were flat.,negative
This was a complete waste of time. The plot made no sense and the acting was terrible.,negative
"Phenomenal! The writing, acting, and direction were all first-rate.",positive
This is cinema at its finest. Every scene was beautifully crafted.,positive
I can't believe I sat through this entire movie. Absolutely horrible.,negative
"A failure on all fronts. Bad story, bad acting, bad everything.",negative
"I laughed, I cried, I was completely immersed. What a wonderful experience!",positive
One of the worst movies I've ever seen. Boring and predictable throughout.,negative
A mess from start to finish. Nothing worked in this film.,negative
A mess from start to finish. Nothing worked in this film.,negative
Terrible pacing and a nonsensical plot. Very disappointing.,negative
This movie was absolutely fantastic! The acting was superb and the plot kept me engaged throughout.,positive
Disappointing in every way. The story was weak and the characters were unlikeable.,negative
Outstanding! This film deserves all the awards it can get.,positive
This movie exceeded all my expectations. Brilliant in every way.,positive
Poor quality all around. The script was lazy and the performances were flat.,negative
Absolutely loved it! The screenplay was brilliant and the execution was flawless.,positive
This movie was absolutely fantastic! The acting was superb and the plot kept me engaged throughout.,positive
I can't believe I sat through this entire movie. Absolutely horrible.,negative
A complete disaster. Nothing about this film worked for me.,negative
Wonderful performances by all actors. Highly recommended!,positive
Disappointing in every way. The story was weak and the characters were unlikeable.,negative
An incredible movie that touches your heart. The emotions were so real.,positive
"I laughed, I cried, I was completely immersed. What a wonderful experience!",positive
Exceptional work by the entire cast and crew. Truly entertaining.,positive
Disappointing in every way. The story was weak and the characters were unlikeable.,negative
This movie exceeded all my expectations. Brilliant in every way.,positive
A complete disaster. Nothing about this film worked for me.,negative
Wonderful performances by all actors. Highly recommended!,positive
Boring and uninspired. I struggled to stay awake during this movie.,negative
What a letdown! The premise was good but the execution was abysmal.,negative
Absolutely loved it! The screenplay was brilliant and the execution was flawless.,positive
A triumph of filmmaking! Every element came together perfectly.,positive
This movie was absolutely fantastic! The acting was superb and the plot kept me engaged throughout.,positive
I want my two hours back. This was absolutely terrible.,negative
The acting was wooden and the story was full of clichés. Not good at all.,negative
Outstanding! This film deserves all the awards it can get.,positive
What a letdown! The premise was good but the execution was abysmal.,negative
"I laughed, I cried, I was completely immersed. What a wonderful experience!",positive
A mess from start to finish. Nothing worked in this film.,negative
"Phenomenal! The writing, acting, and direction were all first-rate.",positive
This movie was absolutely fantastic! The acting was superb and the plot kept me engaged throughout.,positive
Outstanding! This film deserves all the awards it can get.,positive
Awful movie. The dialogue was cringe-worthy and the plot was ridiculous.,negative
What a letdown! The premise was good but the execution was abysmal.,negative
Poor quality all around. The script was lazy and the performances were flat.,negative
A complete disaster. Nothing about this film worked for me.,negative
I can't believe I sat through this entire movie. Absolutely horrible.,negative
One of the best films I've ever seen. Brilliant storytelling and amazing cinematography.,positive
I was blown away by the quality of this production. Simply amazing!,positive
An incredible movie that touches your heart. The emotions were so real.,positive
"I laughed, I cried, I was completely immersed. What a wonderful experience!",positive
I can't believe I sat through this entire movie. Absolutely horrible.,negative
The best movie of the year without a doubt. Pure excellence!,positive
"A failure on all fronts. Bad story, bad acting, bad everything.",negative
Disappointing in every way. The story was weak and the characters were unlikeable.,negative
I want my two hours back. This was absolutely terrible.,negative
An incredible movie that touches your heart. The emotions were so real.,positive
I was blown away by the quality of this production. Simply amazing!,positive
This movie exceeded all my expectations. Brilliant in every way.,positive
One of the most boring films I've ever endured. Absolutely dreadful.,negative
This movie exceeded all my expectations. Brilliant in every way.,positive
A gem of a film that everyone should see. Absolutely delightful!,positive
I expected so much more. This was a huge disappointment.,negative
A beautiful film that left me speechless. Absolutely gorgeous cinematography.,positive
I can't believe I sat through this entire movie. Absolutely horrible.,negative
Awful movie. The dialogue was cringe-worthy and the plot was ridiculous.,negative
A gem of a film that everyone should see. Absolutely delightful!,positive
I expected so much more. This was a huge disappointment.,negative
Poorly written and badly acted. I don't recommend this to anyone.,negative
Outstanding! This film deserves all the awards it can get.,positive
Absolutely loved it! The screenplay was brilliant and the execution was flawless.,positive
One of the most captivating stories I've seen on screen. Loved every minute!,positive
The acting was wooden and the story was full of clichés. Not good at all.,negative
Boring and uninspired. I struggled to stay awake during this movie.,negative
I expected so much more. This was a huge disappointment.,negative
I can't believe I sat through this entire movie. Absolutely horrible.,negative
The best movie of the year without a doubt. Pure excellence!,positive
I can't believe I sat through this entire movie. Absolutely horrible.,negative
I was blown away by the quality of this production. Simply amazing!,positive
I was blown away by the quality of this production. Simply amazing!,positive
A mess from start to finish. Nothing worked in this film.,negative
Exceptional work by the entire cast and crew. Truly entertaining.,positive
Boring and uninspired. I struggled to stay awake during this movie.,negative
"Terrible film. Poor script, bad acting, and awful direction.",negative
The best movie of the year without a doubt. Pure excellence!,positive
One of the most captivating stories I've seen on screen. Loved every minute!,positive
"Terrible film. Poor script, bad acting, and awful direction.",negative
"Terrible film. Poor script, bad acting, and awful direction.",negative
The best movie of the year without a doubt. Pure excellence!,positive
A triumph of filmmaking! Every element came together perfectly.,positive
This was a complete waste of time. The plot made no sense and the acting was terrible.,negative
Poor quality all around. The script was lazy and the performances were flat.,negative
What a letdown! The premise was good but the execution was abysmal.,negative
One of the worst movies I've ever seen. Boring and predictable throughout.,negative
Terrible pacing and a nonsensical plot. Very disappointing.,negative
A gem of a film that everyone should see. Absolutely delightful!,positive
This movie was absolutely fantastic! The acting was superb and the plot kept me engaged throughout.,positive
A masterpiece! The director did an excellent job bringing this story to life.,positive
A gem of a film that everyone should see. Absolutely delightful!,positive
"I laughed, I cried, I was completely immersed. What a wonderful experience!",positive
An incredible movie that touches your heart. The emotions were so real.,positive
I expected so much more. This was a huge disappointment.,negative
"Phenomenal! The writing, acting, and direction were all first-rate.",positive
"Phenomenal! The writing, acting, and direction were all first-rate.",positive
I want my two hours back. This was absolutely terrible.,negative
The best movie of the year without a doubt. Pure excellence!,positive
This movie exceeded all my expectations. Brilliant in every way.,positive
A must-watch! The story is compelling and the acting is top-notch.,positive
A must-watch! The story is compelling and the acting is top-notch.,positive
This is cinema at its finest. Every scene was beautifully crafted.,positive
The performances were stellar and the direction was impeccable.,positive
This movie was absolutely fantastic! The acting was superb and the plot kept me engaged throughout.,positive
I want my two hours back. This was absolutely terrible.,negative
Poorly written and badly acted. I don't recommend this to anyone.,negative
One of the most boring films I've ever endured. Absolutely dreadful.,negative
A triumph of filmmaking! Every element came together perfectly.,positive
"Terrible film. Poor script, bad acting, and awful direction.",negative
This was a complete waste of time. The plot made no sense and the acting was terrible.,negative
I was blown away by the quality of this production. Simply amazing!,positive
A gem of a film that everyone should see. Absolutely delightful!,positive
Absolutely loved it! The screenplay was brilliant and the execution was flawless.,positive
A mess from start to finish. Nothing worked in this film.,negative
A triumph of filmmaking! Every element came together perfectly.,positive
A mess from start to finish. Nothing worked in this film.,negative
A masterpiece! The director did an excellent job bringing this story to life.,positive
Outstanding! This film deserves all the awards it can get.,positive
A gem of a film that everyone should see. Absolutely delightful!,positive
I want my two hours back. This was absolutely terrible.,negative
"Phenomenal! The writing, acting, and direction were all first-rate.",positive
The best movie of the year without a doubt. Pure excellence!,positive
A beautiful film that left me speechless. Absolutely gorgeous cinematography.,positive
Absolutely loved it! The screenplay was brilliant and the execution was flawless.,positive
I want my two hours back. This was absolutely terrible.,negative
An incredible movie that touches your heart. The emotions were so real.,positive
Outstanding! This film deserves all the awards it can get.,positive
A triumph of filmmaking! Every element came together perfectly.,positive
The acting was wooden and the story was full of clichés. Not good at all.,negative
Completely forgettable and thoroughly mediocre. Don't bother watching.,negative
One of the most boring films I've ever endured. Absolutely dreadful.,negative
Absolutely loved it! The screenplay was brilliant and the execution was flawless.,positive
What a letdown! The premise was good but the execution was abysmal.,negative
One of the best films I've ever seen. Brilliant storytelling and amazing cinematography.,positive
"A failure on all fronts. Bad story, bad acting, bad everything.",negative
One of the most boring films I've ever endured. Absolutely dreadful.,negative
Terrible pacing and a nonsensical plot. Very disappointing.,negative
The acting was wooden and the story was full of clichés. Not good at all.,negative
A beautiful film that left me speechless. Absolutely gorgeous cinematography.,positive
A masterpiece! The director did an excellent job bringing this story to life.,positive
One of the worst movies I've ever seen. Boring and predictable throughout.,negative
This was a complete waste of time. The plot made no sense and the acting was terrible.,negative
I can't believe I sat through this entire movie. Absolutely horrible.,negative
Poor quality all around. The script was lazy and the performances were flat.,negative
"Terrible film. Poor script, bad acting, and awful direction.",negative
One of the worst movies I've ever seen. Boring and predictable throughout.,negative
Disappointing in every way. The story was weak and the characters were unlikeable.,negative
One of the worst movies I've ever seen. Boring and predictable throughout.,negative
A must-watch! The story is compelling and the acting is top-notch.,positive
A complete disaster. Nothing about this film worked for me.,negative
This was a complete waste of time. The plot made no sense and the acting was terrible.,negative
A complete disaster. Nothing about this film worked for me.,negative
"A failure on all fronts. Bad story, bad acting, bad everything.",negative
This movie exceeded all my expectations. Brilliant in every way.,positive
An incredible movie that touches your heart. The emotions were so real.,positive
A gem of a film that everyone should see. Absolutely delightful!,positive
A complete disaster. Nothing about this film worked for me.,negative
A mess from start to finish. Nothing worked in this film.,negative
A masterpiece! The director did an excellent job bringing this story to life.,positive
Exceptional work by the entire cast and crew. Truly entertaining.,positive
This movie was absolutely fantastic! The acting was superb and the plot kept me engaged throughout.,positive
One of the most boring films I've ever endured. Absolutely dreadful.,negative
Poorly written and badly acted. I don't recommend this to anyone.,negative
I want my two hours back. This was absolutely terrible.,negative
The acting was wooden and the story was full of clichés. Not good at all.,negative
I want my two hours back. This was absolutely terrible.,negative
This movie was absolutely fantastic! The acting was superb and the plot kept me engaged throughout.,positive
One of the best films I've ever seen. Brilliant storytelling and amazing cinematography.,positive
Poor quality all around. The script was lazy and the performances were flat.,negative
A beautiful film that left me speechless. Absolutely gorgeous cinematography.,positive
A complete disaster. Nothing about this film worked for me.,negative
Poorly written and badly acted. I don't recommend this to anyone.,negative
One of the most captivating stories I've seen on screen. Loved every minute!,positive
One of the worst movies I've ever seen. Boring and predictable throughout.,negative
Wonderful performances by all actors. Highly recommended!,positive
This is cinema at its finest. Every scene was beautifully crafted.,positive
Wonderful performances by all actors. Highly recommended!,positive
A beautiful film that left me speechless. Absolutely gorgeous cinematography.,positive
Poorly written and badly acted. I don't recommend this to anyone.,negative
A beautiful film that left me speechless. Absolutely gorgeous cinematography.,positive
One of the worst movies I've ever seen. Boring and predictable throughout.,negative
A gem of a film that everyone should see. Absolutely delightful!,positive
The best movie of the year without a doubt. Pure excellence!,positive
"A failure on all fronts. Bad story, bad acting, bad everything.",negative
I was blown away by the quality of this production. Simply amazing!,positive
One of the most boring films I've ever endured. Absolutely dreadful.,negative
A triumph of filmmaking! Every element came together perfectly.,positive
I was blown away by the quality of this production. Simply amazing!,positive
Completely forgettable and thoroughly mediocre. Don't bother watching.,negative
I expected so much more. This was a huge disappointment.,negative
This was a complete waste of time. The plot made no sense and the acting was terrible.,negative
This movie was painful to watch. Complete waste of money and time.,negative
Completely forgettable and thoroughly mediocre. Don't bother watching.,negative
One of the worst movies I've ever seen. Boring and predictable throughout.,negative
The best movie of the year without a doubt. Pure excellence!,positive
Boring and uninspired. I struggled to stay awake during this movie.,negative
Boring and uninspired. I struggled to stay awake during this movie.,negative
A beautiful film that left me speechless. Absolutely gorgeous cinematography.,positive
I was blown away by the quality of this production. Simply amazing!,positive
"Terrible film. Poor script, bad acting, and awful direction.",negative
This movie was painful to watch. Complete waste of money and time.,negative
I want my two hours back. This was absolutely terrible.,negative
I can't believe I sat through this entire movie. Absolutely horrible.,negative
Awful movie. The dialogue was cringe-worthy and the plot was ridiculous.,negative
This movie exceeded all my expectations. Brilliant in every way.,positive
"Phenomenal! The writing, acting, and direction were all first-rate.",positive
A must-watch! The story is compelling and the acting is top-notch.,positive
This movie was painful to watch. Complete waste of money and time.,negative
Poor quality all around. The script was lazy and the performances were flat.,negative
The acting was wooden and the story was full of clichés. Not good at all.,negative
This was a complete waste of time. The plot made no sense and the acting was terrible.,negative
Completely forgettable and thoroughly mediocre. Don't bother watching.,negative
"Terrible film. Poor script, bad acting, and awful direction.",negative
Terrible pacing and a nonsensical plot. Very disappointing.,negative
A mess from start to finish. Nothing worked in this film.,negative
"Terrible film. Poor script, bad acting, and awful direction.",negative
"I laughed, I cried, I was completely immersed. What a wonderful experience!",positive
The best movie of the year without a doubt. Pure excellence!,positive
A must-watch! The story is compelling and the acting is top-notch.,positive
Awful movie. The dialogue was cringe-worthy and the plot was ridiculous.,negative
One of the most boring films I've ever endured. Absolutely dreadful.,negative
Poorly written and badly acted. I don't recommend this to anyone.,negative
What a letdown! The premise was good but the execution was abysmal.,negative
The performances were stellar and the direction was impeccable.,positive
A gem of a film that everyone should see. Absolutely delightful!,positive
Absolutely loved it! The screenplay was brilliant and the execution was flawless.,positive
Absolutely loved it! The screenplay was brilliant and the execution was flawless.,positive
One of the best films I've ever seen. Brilliant storytelling and amazing cinematography.,positive
A must-watch! The story is compelling and the acting is top-notch.,positive
What a letdown! The premise was good but the execution was abysmal.,negative
Terrible pacing and a nonsensical plot. Very disappointing.,negative
A triumph of filmmaking! Every element came together perfectly.,positive
"Phenomenal! The writing, acting, and direction were all first-rate.",positive
This is cinema at its finest. Every scene was beautifully crafted.,positive
I was blown away by the quality of this production. Simply amazing!,positive
Wonderful performances by all actors. Highly recommended!,positive
This movie was absolutely fantastic! The acting was superb and the plot kept me engaged throughout.,positive
I was blown away by the quality of this production. Simply amazing!,positive
The acting was wooden and the story was full of clichés. Not good at all.,negative
One of the most captivating stories I've seen on screen. Loved every minute!,positive
I can't believe I sat through this entire movie. Absolutely horrible.,negative
A masterpiece! The director did an excellent job bringing this story to life.,positive
One of the most captivating stories I've seen on screen. Loved every minute!,positive
This movie was absolutely fantastic! The acting was superb and the plot kept me engaged throughout.,positive
Wonderful performances by all actors. Highly recommended!,positive
A must-watch! The story is compelling and the acting is top-notch.,positive
An incredible movie that touches your heart. The emotions were so real.,positive
Terrible pacing and a nonsensical plot. Very disappointing.,negative
A masterpiece! The director did an excellent job bringing this story to life.,positive
This movie was absolutely fantastic! The acting was superb and the plot kept me engaged throughout.,positive
I want my two hours back. This was absolutely terrible.,negative
This is cinema at its finest. Every scene was beautifully crafted.,positive
I can't believe I sat through this entire movie. Absolutely horrible.,negative
Awful movie. The dialogue was cringe-worthy and the plot was ridiculous.,negative
I was blown away by the quality of this production. Simply amazing!,positive
Outstanding! This film deserves all the awards it can get.,positive
The acting was wooden and the story was full of clichés. Not good at all.,negative
"Phenomenal! The writing, acting, and direction were all first-rate.",positive
One of the best films I've ever seen. Brilliant storytelling and amazing cinematography.,positive
This movie exceeded all my expectations. Brilliant in every way.,positive
A mess from start to finish. Nothing worked in this film.,negative
I expected so much more. This was a huge disappointment.,negative
Poor quality all around. The script was lazy and the performances were flat.,negative
"Terrible film. Poor script, bad acting, and awful direction.",negative
I can't believe I sat through this entire movie. Absolutely horrible.,negative
I want my two hours back. This was absolutely terrible.,negative
Completely forgettable and thoroughly mediocre. Don't bother watching.,negative
"Phenomenal! The writing, acting, and direction were all first-rate.",positive
A must-watch! The story is compelling and the acting is top-notch.,positive
The best movie of the year without a doubt. Pure excellence!,positive
A beautiful film that left me speechless. Absolutely gorgeous cinematography.,positive
A complete disaster. Nothing about this film worked for me.,negative
Poorly written and badly acted. I don't recommend this to anyone.,negative
"A failure on all fronts. Bad story, bad acting, bad everything.",negative
A masterpiece! The director did an excellent job bringing this story to life.,positive
An incredible movie that touches your heart. The emotions were so real.,positive
I was blown away by the quality of this production. Simply amazing!,positive
This is cinema at its finest. Every scene was beautifully crafted.,positive
This movie was painful to watch. Complete waste of money and time.,negative
"Phenomenal! The writing, acting, and direction were all first-rate.",positive
A beautiful film that left me speechless. Absolutely gorgeous cinematography.,positive
A mess from start to finish. Nothing worked in this film.,negative
One of the most boring films I've ever endured. Absolutely dreadful.,negative
Exceptional work by the entire cast and crew. Truly entertaining.,positive
A masterpiece! The director did an excellent job bringing this story to life.,positive
This was a complete waste of time. The plot made no sense and the acting was terrible.,negative
A triumph of filmmaking! Every element came together perfectly.,positive
I expected so much more. This was a huge disappointment.,negative
What a letdown! The premise was good but the execution was abysmal.,negative
This movie exceeded all my expectations. Brilliant in every way.,positive
This movie was painful to watch. Complete waste of money and time.,negative
Wonderful performances by all actors. Highly recommended!,positive
One of the most captivating stories I've seen on screen. Loved every minute!,positive
Poor quality all around. The script was lazy and the performances were flat.,negative
A triumph of filmmaking! Every element came together perfectly.,positive
The acting was wooden and the story was full of clichés. Not good at all.,negative
Poor quality all around. The script was lazy and the performances were flat.,negative
What a letdown! The premise was good but the execution was abysmal.,negative
This movie was painful to watch. Complete waste of money and time.,negative
I can't believe I sat through this entire movie. Absolutely horrible.,negative
An incredible movie that touches your heart. The emotions were so real.,positive
The performances were stellar and the direction was impeccable.,positive
A complete disaster. Nothing about this film worked for me.,negative
Wonderful performances by all actors. Highly recommended!,positive
The performances were stellar and the direction was impeccable.,positive
One of the most boring films I've ever endured. Absolutely dreadful.,negative
What a letdown! The premise was good but the execution was abysmal.,negative
A beautiful film that left me speechless. Absolutely gorgeous cinematography.,positive
"Terrible film. Poor script, bad acting, and awful direction.",negative
This was a complete waste of time. The plot made no sense and the acting was terrible.,negative
One of the worst movies I've ever seen. Boring and predictable throughout.,negative
This movie was painful to watch. Complete waste of money and time.,negative
A must-watch! The story is compelling and the acting is top-notch.,positive
A triumph of filmmaking! Every element came together perfectly.,positive
Completely forgettable and thoroughly mediocre. Don't bother watching.,negative
This was a complete waste of time. The plot made no sense and the acting was terrible.,negative
A mess from start to finish. Nothing worked in this film.,negative
A masterpiece! The director did an excellent job bringing this story to life.,positive
One of the best films I've ever seen. Brilliant storytelling and amazing cinematography.,positive
Awful movie. The dialogue was cringe-worthy and the plot was ridiculous.,negative
Boring and uninspired. I struggled to stay awake during this movie.,negative
"I laughed, I cried, I was completely immersed. What a wonderful experience!",positive
Awful movie. The dialogue was cringe-worthy and the plot was ridiculous.,negative
"I laughed, I cried, I was completely immersed. What a wonderful experience!",positive
This movie was painful to watch. Complete waste of money and time.,negative
I was blown away by the quality of this production. Simply amazing!,positive
Absolutely loved it! The screenplay was brilliant and the execution was flawless.,positive
Terrible pacing and a nonsensical plot. Very disappointing.,negative
Disappointing in every way. The story was weak and the characters were unlikeable.,negative
A triumph of filmmaking! Every element came together perfectly.,positive
I expected so much more. This was a huge disappointment.,negative
A gem of a film that everyone should see. Absolutely delightful!,positive
Outstanding! This film deserves all the awards it can get.,positive
This is cinema at its finest. Every scene was beautifully crafted.,positive
This is cinema at its finest. Every scene was beautifully crafted.,positive
Wonderful performances by all actors. Highly recommended!,positive
An incredible movie that touches your heart. The emotions were so real.,positive
I was blown away by the quality of this production. Simply amazing!,positive
"Phenomenal! The writing, acting, and direction were all first-rate.",positive
The acting was wooden and the story was full of clichés. Not good at all.,negative
This movie was painful to watch. Complete waste of money and time.,negative
Awful movie. The dialogue was cringe-worthy and the plot was ridiculous.,negative
This was a complete waste of time. The plot made no sense and the acting was terrible.,negative
An incredible movie that touches your heart. The emotions were so real.,positive
Absolutely loved it! The screenplay was brilliant and the execution was flawless.,positive
The acting was wooden and the story was full of clichés. Not good at all.,negative
Outstanding! This film deserves all the awards it can get.,positive
Outstanding! This film deserves all the awards it can get.,positive
The performances were stellar and the direction was impeccable.,positive
A mess from start to finish. Nothing worked in this film.,negative
Outstanding! This film deserves all the awards it can get.,positive
A masterpiece! The director did an excellent job bringing this story to life.,positive
One of the worst movies I've ever seen. Boring and predictable throughout.,negative
Boring and uninspired. I struggled to stay awake during this movie.,negative
What a letdown! The premise was good but the execution was abysmal.,negative
Terrible pacing and a nonsensical plot. Very disappointing.,negative
One of the most captivating stories I've seen on screen. Loved every minute!,positive
Wonderful performances by all actors. Highly recommended!,positive
"Terrible film. Poor script, bad acting, and awful direction.",negative
A must-watch! The story is compelling and the acting is top-notch.,positive
I was blown away by the quality of this production. Simply amazing!,positive
One of the most boring films I've ever endured. Absolutely dreadful.,negative
This movie exceeded all my expectations. Brilliant in every way.,positive
Outstanding! This film deserves all the awards it can get.,positive
Absolutely loved it! The screenplay was brilliant and the execution was flawless.,positive
"A failure on all fronts. Bad story, bad acting, bad everything.",negative
Exceptional work by the entire cast and crew. Truly entertaining.,positive
This is cinema at its finest. Every scene was beautifully crafted.,positive
Boring and uninspired. I struggled to stay awake during this movie.,negative
"Phenomenal! The writing, acting, and direction were all first-rate.",positive
Disappointing in every way. The story was weak and the characters were unlikeable.,negative
Boring and uninspired. I struggled to stay awake during this movie.,negative
I expected so much more. This was a huge disappointment.,negative
One of the worst movies I've ever seen. Boring and predictable throughout.,negative
This was a complete waste of time. The plot made no sense and the acting was terrible.,negative
A triumph of filmmaking! Every element came together perfectly.,positive
A must-watch! The story is compelling and the acting is top-notch.,positive
A masterpiece! The director did an excellent job bringing this story to life.,positive
An incredible movie that touches your heart. The emotions were so real.,positive
A mess from start to finish. Nothing worked in this film.,negative
This movie exceeded all my expectations. Brilliant in every way.,positive
I was blown away by the quality of this production. Simply amazing!,positive
A complete disaster. Nothing about this film worked for me.,negative
Terrible pacing and a nonsensical plot. Very disappointing.,negative
The best movie of the year without a doubt. Pure excellence!,positive
This movie was painful to watch. Complete waste of money and time.,negative
Outstanding! This film deserves all the awards it can get.,positive
One of the most captivating stories I've seen on screen. Loved every minute!,positive
A complete disaster. Nothing about this film worked for me.,negative
An incredible movie that touches your heart. The emotions were so real.,positive
A gem of a film that everyone should see. Absolutely delightful!,positive
This is cinema at its finest. Every scene was beautifully crafted.,positive
Awful movie. The dialogue was cringe-worthy and the plot was ridiculous.,negative
This movie exceeded all my expectations. Brilliant in every way.,positive
I was blown away by the quality of this production. Simply amazing!,positive
A gem of a film that everyone should see. Absolutely delightful!,positive
This was a complete waste of time. The plot made no sense and the acting was terrible.,negative
This movie exceeded all my expectations. Brilliant in every way.,positive
One of the most captivating stories I've seen on screen. Loved every minute!,positive
This movie was absolutely fantastic! The acting was superb and the plot kept me engaged throughout.,positive
I can't believe I sat through this entire movie. Absolutely horrible.,negative
The acting was wooden and the story was full of clichés. Not good at all.,negative
This is cinema at its finest. Every scene was beautifully crafted.,positive
Completely forgettable and thoroughly mediocre. Don't bother watching.,negative
"Terrible film. Poor script, bad acting, and awful direction.",negative
Awful movie. The dialogue was cringe-worthy and the plot was ridiculous.,negative
One of the most captivating stories I've seen on screen. Loved every minute!,positive
The performances were stellar and the direction was impeccable.,positive
I want my two hours back. This was absolutely terrible.,negative
"A failure on all fronts. Bad story, bad acting, bad everything.",negative
A complete disaster. Nothing about this film worked for me.,negative
This movie was absolutely fantastic! The acting was superb and the plot kept me engaged throughout.,positive
Poorly written and badly acted. I don't recommend this to anyone.,negative
"A failure on all fronts. Bad story, bad acting, bad everything.",negative
"Terrible film. Poor script, bad acting, and awful direction.",negative
This was a complete waste of time. The plot made no sense and the acting was terrible.,negative
The acting was wooden and the story was full of clichés. Not good at all.,negative
Exceptional work by the entire cast and crew. Truly entertaining.,positive
"I laughed, I cried, I was completely immersed. What a wonderful experience!",positive
A gem of a film that everyone should see. Absolutely delightful!,positive
Wonderful performances by all actors. Highly recommended!,positive
Poorly written and badly acted. I don't recommend this to anyone.,negative
One of the best films I've ever seen. Brilliant storytelling and amazing cinematography.,positive
This is cinema at its finest. Every scene was beautifully crafted.,positive
This movie exceeded all my expectations. Brilliant in every way.,positive
Completely forgettable and thoroughly mediocre. Don't bother watching.,negative
A mess from start to finish. Nothing worked in this film.,negative
"I laughed, I cried, I was completely immersed. What a wonderful experience!",positive
What a letdown! The premise was good but the execution was abysmal.,negative
A gem of a film that everyone should see. Absolutely delightful!,positive
I was blown away by the quality of this production. Simply amazing!,positive
"I laughed, I cried, I was completely immersed. What a wonderful experience!",positive
"Phenomenal! The writing, acting, and direction were all first-rate.",positive
Poor quality all around. The script was lazy and the performances were flat.,negative
"Phenomenal! The writing, acting, and direction were all first-rate.",positive
Terrible pacing and a nonsensical plot. Very disappointing.,negative
This movie exceeded all my expectations. Brilliant in every way.,positive
An incredible movie that touches your heart. The emotions were so real.,positive
The best movie of the year without a doubt. Pure excellence!,positive
One of the worst movies I've ever seen. Boring and predictable throughout.,negative
"A failure on all fronts. Bad story, bad acting, bad everything.",negative
Wonderful performances by all actors. Highly recommended!,positive
Terrible pacing and a nonsensical plot. Very disappointing.,negative
Awful movie. The dialogue was cringe-worthy and the plot was ridiculous.,negative
A complete disaster. Nothing about this film worked for me.,negative
Exceptional work by the entire cast and crew. Truly entertaining.,positive
I want my two hours back. This was absolutely terrible.,negative
"I laughed, I cried, I was completely immersed. What a wonderful experience!",positive
This movie exceeded all my expectations. Brilliant in every way.,positive
Completely forgettable and thoroughly mediocre. Don't bother watching.,negative
A masterpiece! The director did an excellent job bringing this story to life.,positive
I want my two hours back. This was absolutely terrible.,negative
The acting was wooden and the story was full of clichés. Not good at all.,negative
I was blown away by the quality of this production. Simply amazing!,positive
One of the most captivating stories I've seen on screen. Loved every minute!,positive
One of the most captivating stories I've seen on screen. Loved every minute!,positive
A complete disaster. Nothing about this film worked for me.,negative
One of the best films I've ever seen. Brilliant storytelling and amazing cinematography.,positive
One of the worst movies I've ever seen. Boring and predictable throughout.,negative
One of the best films I've ever seen. Brilliant storytelling and amazing cinematography.,positive
This is cinema at its finest. Every scene was beautifully crafted.,positive
I was blown away by the quality of this production. Simply amazing!,positive
Poor quality all around. The script was lazy and the performances were flat.,negative
Completely forgettable and thoroughly mediocre. Don't bother watching.,negative
Completely forgettable and thoroughly mediocre. Don't bother watching.,negative
Absolutely loved it! The screenplay was brilliant and the execution was flawless.,positive
This movie was painful to watch. Complete waste of money and time.,negative
One of the most boring films I've ever endured. Absolutely dreadful.,negative
The performances were stellar and the direction was impeccable.,positive
A masterpiece! The director did an excellent job bringing this story to life.,positive
A beautiful film that left me speechless. Absolutely gorgeous cinematography.,positive
The acting was wooden and the story was full of clichés. Not good at all.,negative
One of the most boring films I've ever endured. Absolutely dreadful.,negative
Boring and uninspired. I struggled to stay awake during this movie.,negative
This movie was painful to watch. Complete waste of money and time.,negative
"Phenomenal! The writing, acting, and direction were all first-rate.",positive
This is cinema at its finest. Every scene was beautifully crafted.,positive
One of the most boring films I've ever endured. Absolutely dreadful.,negative
One of the most boring films I've ever endured. Absolutely dreadful.,negative
The best movie of the year without a doubt. Pure excellence!,positive
A masterpiece! The director did an excellent job bringing this story to life.,positive
A triumph of filmmaking! Every element came together perfectly.,positive
This was a complete waste of time. The plot made no sense and the acting was terrible.,negative
"I laughed, I cried, I was completely immersed. What a wonderful experience!",positive
What a letdown! The premise was good but the execution was abysmal.,negative
Awful movie. The dialogue was cringe-worthy and the plot was ridiculous.,negative
Exceptional work by the entire cast and crew. Truly entertaining.,positive
Wonderful performances by all actors. Highly recommended!,positive
Disappointing in every way. The story was weak and the characters were unlikeable.,negative
"Terrible film. Poor script, bad acting, and awful direction.",negative
One of the best films I've ever seen. Brilliant storytelling and amazing cinematography.,positive
Awful movie. The dialogue was cringe-worthy and the plot was ridiculous.,negative
The best movie of the year without a doubt. Pure excellence!,positive
Awful movie. The dialogue was cringe-worthy and the plot was ridiculous.,negative
Boring and uninspired. I struggled to stay awake during this movie.,negative
I can't believe I sat through this entire movie. Absolutely horrible.,negative
A beautiful film that left me speechless. Absolutely gorgeous cinematography.,positive
One of the worst movies I've ever seen. Boring and predictable throughout.,negative
Disappointing in every way. The story was weak and the characters were unlikeable.,negative
Exceptional work by the entire cast and crew. Truly entertaining.,positive
Disappointing in every way. The story was weak and the characters were unlikeable.,negative
A triumph of filmmaking! Every element came together perfectly.,positive
I want my two hours back. This was absolutely terrible.,negative
Poorly written and badly acted. I don't recommend this to anyone.,negative
I expected so much more. This was a huge disappointment.,negative
Outstanding! This film deserves all the awards it can get.,positive
Awful movie. The dialogue was cringe-worthy and the plot was ridiculous.,negative
Boring and uninspired. I struggled to stay awake during this movie.,negative
Boring and uninspired. I struggled to stay awake during this movie.,negative
A triumph of filmmaking! Every element came together perfectly.,positive
What a letdown! The premise was good but the execution was abysmal.,negative
I can't believe I sat through this entire movie. Absolutely horrible.,negative
I expected so much more. This was a huge disappointment.,negative
I can't believe I sat through this entire movie. Absolutely horrible.,negative
A gem of a film that everyone should see. Absolutely delightful!,positive
Exceptional work by the entire cast and crew. Truly entertaining.,positive
I expected so much more. This was a huge disappointment.,negative
An incredible movie that touches your heart. The emotions were so real.,positive
The performances were stellar and the direction was impeccable.,positive
Wonderful performances by all actors. Highly recommended!,positive
A gem of a film that everyone should see. Absolutely delightful!,positive
An incredible movie that touches your heart. The emotions were so real.,positive
One of the most captivating stories I've seen on screen. Loved every minute!,positive
The performances were stellar and the direction was impeccable.,positive
Exceptional work by the entire cast and crew. Truly entertaining.,positive
Disappointing in every way. The story was weak and the characters were unlikeable.,negative
Awful movie. The dialogue was cringe-worthy and the plot was ridiculous.,negative
What a letdown! The premise was good but the execution was abysmal.,negative
I can't believe I sat through this entire movie. Absolutely horrible.,negative
Outstanding! This film deserves all the awards it can get.,positive
"Phenomenal! The writing, acting, and direction were all first-rate.",positive
A mess from start to finish. Nothing worked in this film.,negative
One of the best films I've ever seen. Brilliant storytelling and amazing cinematography.,positive
"I laughed, I cried, I was completely immersed. What a wonderful experience!",positive
One of the most boring films I've ever endured. Absolutely dreadful.,negative
I expected so much more. This was a huge disappointment.,negative
Poor quality all around. The script was lazy and the performances were flat.,negative
An incredible movie that touches your heart. The emotions were so real.,positive
One of the most boring films I've ever endured. Absolutely dreadful.,negative
One of the best films I've ever seen. Brilliant storytelling and amazing cinematography.,positive
I want my two hours back. This was absolutely terrible.,negative
One of the most boring films I've ever endured. Absolutely dreadful.,negative
Exceptional work by the entire cast and crew. Truly entertaining.,positive
A masterpiece! The director did an excellent job bringing this story to life.,positive
Boring and uninspired. I struggled to stay awake during this movie.,negative
I expected so much more. This was a huge disappointment.,negative
Wonderful performances by all actors. Highly recommended!,positive
A must-watch! The story is compelling and the acting is top-notch.,positive
This was a complete waste of time. The plot made no sense and the acting was terrible.,negative
This is cinema at its finest. Every scene was beautifully crafted.,positive
This movie was absolutely fantastic! The acting was superb and the plot kept me engaged throughout.,positive
What a letdown! The premise was good but the execution was abysmal.,negative
Outstanding! This film deserves all the awards it can get.,positive
This movie was painful to watch. Complete waste of money and time.,negative
Terrible pacing and a nonsensical plot. Very disappointing.,negative
What a letdown! The premise was good but the execution was abysmal.,negative
Absolutely loved it! The screenplay was brilliant and the execution was flawless.,positive
Boring and uninspired. I struggled to stay awake during this movie.,negative
Terrible pacing and a nonsensical plot. Very disappointing.,negative
"Phenomenal! The writing, acting, and direction were all first-rate.",positive
The acting was wooden and the story was full of clichés. Not good at all.,negative
What a letdown! The premise was good but the execution was abysmal.,negative
Outstanding! This film deserves all the awards it can get.,positive
A gem of a film that everyone should see. Absolutely delightful!,positive
This movie was painful to watch. Complete waste of money and time.,negative
The performances were stellar and the direction was impeccable.,positive
Terrible pacing and a nonsensical plot. Very disappointing.,negative
Disappointing in every way. The story was weak and the characters were unlikeable.,negative
One of the worst movies I've ever seen. Boring and predictable throughout.,negative
This was a complete waste of time. The plot made no sense and the acting was terrible.,negative
"A failure on all fronts. Bad story, bad acting, bad everything.",negative
Absolutely loved it! The screenplay was brilliant and the execution was flawless.,positive
Poorly written and badly acted. I don't recommend this to anyone.,negative
I can't believe I sat through this entire movie. Absolutely horrible.,negative
Awful movie. The dialogue was cringe-worthy and the plot was ridiculous.,negative
Wonderful performances by all actors. Highly recommended!,positive
A complete disaster. Nothing about this film worked for me.,negative
The best movie of the year without a doubt. Pure excellence!,positive
An incredible movie that touches your heart. The emotions were so real.,positive
Exceptional work by the entire cast and crew. Truly entertaining.,positive
Poorly written and badly acted. I don't recommend this to anyone.,negative
Absolutely loved it! The screenplay was brilliant and the execution was flawless.,positive
Wonderful performances by all actors. Highly recommended!,positive
A gem of a film that everyone should see. Absolutely delightful!,positive
A complete disaster. Nothing about this film worked for me.,negative
This movie was painful to watch. Complete waste of money and time.,negative
Boring and uninspired. I struggled to stay awake during this movie.,negative
Completely forgettable and thoroughly mediocre. Don't bother watching.,negative
A complete disaster. Nothing about this film worked for me.,negative
One of the most captivating stories I've seen on screen. Loved every minute!,positive
Wonderful performances by all actors. Highly recommended!,positive
The performances were stellar and the direction was impeccable.,positive
What a letdown! The premise was good but the execution was abysmal.,negative
"I laughed, I cried, I was completely immersed. What a wonderful experience!",positive
Poor quality all around. The script was lazy and the performances were flat.,negative
Completely forgettable and thoroughly mediocre. Don't bother watching.,negative
I can't believe I sat through this entire movie. Absolutely horrible.,negative
A triumph of filmmaking! Every element came together perfectly.,positive
Terrible pacing and a nonsensical plot. Very disappointing.,negative
The acting was wooden and the story was full of clichés. Not good at all.,negative
The acting was wooden and the story was full of clichés. Not good at all.,negative
Absolutely loved it! The screenplay was brilliant and the execution was flawless.,positive
A must-watch! The story is compelling and the acting is top-notch.,positive
Completely forgettable and thoroughly mediocre. Don't bother watching.,negative
I expected so much more. This was a huge disappointment.,negative
Completely forgettable and thoroughly mediocre. Don't bother watching.,negative
A beautiful film that left me speechless. Absolutely gorgeous cinematography.,positive
Disappointing in every way. The story was weak and the characters were unlikeable.,negative
Awful movie. The dialogue was cringe-worthy and the plot was ridiculous.,negative
"Terrible film. Poor script, bad acting, and awful direction.",negative
Poorly written and badly acted. I don't recommend this to anyone.,negative
Exceptional work by the entire cast and crew. Truly entertaining.,positive
One of the best films I've ever seen. Brilliant storytelling and amazing cinematography.,positive
"A failure on all fronts. Bad story, bad acting, bad everything.",negative
A complete disaster. Nothing about this film worked for me.,negative
Awful movie. The dialogue was cringe-worthy and the plot was ridiculous.,negative
The performances were stellar and the direction was impeccable.,positive
